[
  {
    "model": "mailing.client",
    "pk": 1,
    "fields": {
      "email": "test@test.com",
      "first_name": "test",
      "second_name": "test",
      "third_name": "test",
      "comment": "test"
    }
  },
  {
    "model": "mailing.client",
    "pk": 2,
    "fields": {
      "email": "il-travkin@yandex.ru",
      "first_name": "╚ы№ ",
      "second_name": "╥Ёртъшэ",
      "third_name": null,
      "comment": ""
    }
  },
  {
    "model": "mailing.client",
    "pk": 3,
    "fields": {
      "email": "il-travkin95@mail.ru",
      "first_name": "╚ы№ 2",
      "second_name": "╥Ёртъшэ2",
      "third_name": null,
      "comment": ""
    }
  },
  {
    "model": "mailing.message",
    "pk": 1,
    "fields": {
      "title": "╤ эют√ь уюфюь!",
      "body": "╧ючфЁрты хь ё ═├"
    }
  },
  {
    "model": "mailing.message",
    "pk": 2,
    "fields": {
      "title": "╤ фэхь Ёюцфхэш !",
      "body": "╧ючфЁрты хь ё ─╨"
    }
  },
  {
    "model": "mailing.mailing",
    "pk": 1,
    "fields": {
      "message": 1,
      "send_date": "2024-09-13",
      "create_date": "2024-09-13",
      "update_date": "2024-09-13",
      "is_active": false,
      "status": "created",
      "interval": "once a day",
      "end_date": "2024-09-15T12:00:00Z",
      "client": [
        2,
        3
      ]
    }
  },
  {
    "model": "mailing.mailing",
    "pk": 2,
    "fields": {
      "message": 2,
      "send_date": "2024-09-13",
      "create_date": "2024-09-13",
      "update_date": "2024-09-13",
      "is_active": true,
      "status": "created",
      "interval": "once a day",
      "end_date": null,
      "client": [
        2,
        3
      ]
    }
  },
  {
    "model": "mailing.trymailing",
    "pk": 1,
    "fields": {
      "last_try": "2024-09-13T11:15:21.189Z",
      "status": "success",
      "response": null,
      "mailing": 1
    }
  },
  {
    "model": "mailing.trymailing",
    "pk": 2,
    "fields": {
      "last_try": "2024-09-13T11:17:12.897Z",
      "status": "success",
      "response": null,
      "mailing": 1
    }
  },
  {
    "model": "mailing.trymailing",
    "pk": 3,
    "fields": {
      "last_try": "2024-09-13T11:29:02.321Z",
      "status": "success",
      "response": null,
      "mailing": 1
    }
  },
  {
    "model": "mailing.trymailing",
    "pk": 4,
    "fields": {
      "last_try": "2024-09-13T11:35:47.826Z",
      "status": "success",
      "response": "╤ююс∙хэшх эх фюёЄртыхэю",
      "mailing": 1
    }
  },
  {
    "model": "mailing.trymailing",
    "pk": 5,
    "fields": {
      "last_try": "2024-09-13T11:37:32.885Z",
      "status": "success",
      "response": "╤ююс∙хэшх фюёЄртыхэю",
      "mailing": 1
    }
  },
  {
    "model": "mailing.trymailing",
    "pk": 6,
    "fields": {
      "last_try": "2024-09-13T11:38:28.694Z",
      "status": "success",
      "response": "╤ююс∙хэшх фюёЄртыхэю",
      "mailing": 1
    }
  },
  {
    "model": "mailing.trymailing",
    "pk": 7,
    "fields": {
      "last_try": "2024-09-13T12:01:12.750Z",
      "status": "success",
      "response": "╤ююс∙хэшх фюёЄртыхэю",
      "mailing": 1
    }
  },
  {
    "model": "mailing.trymailing",
    "pk": 8,
    "fields": {
      "last_try": "2024-09-13T12:01:22.819Z",
      "status": "success",
      "response": "╤ююс∙хэшх фюёЄртыхэю",
      "mailing": 1
    }
  },
  {
    "model": "mailing.trymailing",
    "pk": 9,
    "fields": {
      "last_try": "2024-09-13T12:01:31.703Z",
      "status": "success",
      "response": "╤ююс∙хэшх фюёЄртыхэю",
      "mailing": 1
    }
  },
  {
    "model": "mailing.trymailing",
    "pk": 10,
    "fields": {
      "last_try": "2024-09-13T12:01:41.119Z",
      "status": "success",
      "response": "╤ююс∙хэшх фюёЄртыхэю",
      "mailing": 1
    }
  },
  {
    "model": "mailing.trymailing",
    "pk": 11,
    "fields": {
      "last_try": "2024-09-13T12:01:51.082Z",
      "status": "success",
      "response": "╤ююс∙хэшх фюёЄртыхэю",
      "mailing": 1
    }
  },
  {
    "model": "mailing.trymailing",
    "pk": 12,
    "fields": {
      "last_try": "2024-09-13T12:04:32.651Z",
      "status": "success",
      "response": "╤ююс∙хэшх фюёЄртыхэю",
      "mailing": 1
    }
  },
  {
    "model": "mailing.trymailing",
    "pk": 13,
    "fields": {
      "last_try": "2024-09-13T12:04:42.757Z",
      "status": "success",
      "response": "╤ююс∙хэшх фюёЄртыхэю",
      "mailing": 1
    }
  },
  {
    "model": "mailing.trymailing",
    "pk": 14,
    "fields": {
      "last_try": "2024-09-13T12:04:51.783Z",
      "status": "success",
      "response": "╤ююс∙хэшх фюёЄртыхэю",
      "mailing": 1
    }
  },
  {
    "model": "mailing.trymailing",
    "pk": 15,
    "fields": {
      "last_try": "2024-09-13T12:05:04.171Z",
      "status": "success",
      "response": "╤ююс∙хэшх фюёЄртыхэю",
      "mailing": 1
    }
  },
  {
    "model": "mailing.trymailing",
    "pk": 16,
    "fields": {
      "last_try": "2024-09-13T12:05:12.157Z",
      "status": "success",
      "response": "╤ююс∙хэшх фюёЄртыхэю",
      "mailing": 1
    }
  },
  {
    "model": "mailing.trymailing",
    "pk": 17,
    "fields": {
      "last_try": "2024-09-13T12:05:24.449Z",
      "status": "success",
      "response": "╤ююс∙хэшх фюёЄртыхэю",
      "mailing": 1
    }
  },
  {
    "model": "mailing.trymailing",
    "pk": 18,
    "fields": {
      "last_try": "2024-09-13T12:05:32.131Z",
      "status": "success",
      "response": "╤ююс∙хэшх фюёЄртыхэю",
      "mailing": 1
    }
  },
  {
    "model": "mailing.trymailing",
    "pk": 19,
    "fields": {
      "last_try": "2024-09-13T12:05:43.128Z",
      "status": "success",
      "response": "╤ююс∙хэшх фюёЄртыхэю",
      "mailing": 1
    }
  },
  {
    "model": "mailing.trymailing",
    "pk": 20,
    "fields": {
      "last_try": "2024-09-13T12:05:51.992Z",
      "status": "success",
      "response": "╤ююс∙хэшх фюёЄртыхэю",
      "mailing": 1
    }
  },
  {
    "model": "mailing.trymailing",
    "pk": 21,
    "fields": {
      "last_try": "2024-09-13T12:06:02.329Z",
      "status": "success",
      "response": "╤ююс∙хэшх фюёЄртыхэю",
      "mailing": 1
    }
  },
  {
    "model": "mailing.trymailing",
    "pk": 22,
    "fields": {
      "last_try": "2024-09-13T12:06:12.166Z",
      "status": "success",
      "response": "╤ююс∙хэшх фюёЄртыхэю",
      "mailing": 1
    }
  },
  {
    "model": "mailing.trymailing",
    "pk": 23,
    "fields": {
      "last_try": "2024-09-13T12:06:21.994Z",
      "status": "success",
      "response": "╤ююс∙хэшх фюёЄртыхэю",
      "mailing": 1
    }
  },
  {
    "model": "mailing.trymailing",
    "pk": 24,
    "fields": {
      "last_try": "2024-09-13T12:09:41.566Z",
      "status": "success",
      "response": "╤ююс∙хэшх фюёЄртыхэю",
      "mailing": 1
    }
  },
  {
    "model": "mailing.trymailing",
    "pk": 25,
    "fields": {
      "last_try": "2024-09-13T12:09:52.722Z",
      "status": "success",
      "response": "╤ююс∙хэшх фюёЄртыхэю",
      "mailing": 1
    }
  },
  {
    "model": "mailing.trymailing",
    "pk": 26,
    "fields": {
      "last_try": "2024-09-13T12:10:02.463Z",
      "status": "success",
      "response": "╤ююс∙хэшх фюёЄртыхэю",
      "mailing": 1
    }
  },
  {
    "model": "mailing.trymailing",
    "pk": 27,
    "fields": {
      "last_try": "2024-09-13T12:10:12.086Z",
      "status": "success",
      "response": "╤ююс∙хэшх фюёЄртыхэю",
      "mailing": 1
    }
  },
  {
    "model": "mailing.trymailing",
    "pk": 28,
    "fields": {
      "last_try": "2024-09-13T12:10:22.223Z",
      "status": "success",
      "response": "╤ююс∙хэшх фюёЄртыхэю",
      "mailing": 1
    }
  },
  {
    "model": "mailing.trymailing",
    "pk": 29,
    "fields": {
      "last_try": "2024-09-13T12:10:32.354Z",
      "status": "success",
      "response": "╤ююс∙хэшх фюёЄртыхэю",
      "mailing": 1
    }
  },
  {
    "model": "mailing.trymailing",
    "pk": 30,
    "fields": {
      "last_try": "2024-09-13T12:10:42.699Z",
      "status": "success",
      "response": "╤ююс∙хэшх фюёЄртыхэю",
      "mailing": 1
    }
  },
  {
    "model": "mailing.trymailing",
    "pk": 31,
    "fields": {
      "last_try": "2024-09-13T12:10:53.354Z",
      "status": "success",
      "response": "╤ююс∙хэшх фюёЄртыхэю",
      "mailing": 1
    }
  },
  {
    "model": "mailing.trymailing",
    "pk": 32,
    "fields": {
      "last_try": "2024-09-13T12:11:02.467Z",
      "status": "success",
      "response": "╤ююс∙хэшх фюёЄртыхэю",
      "mailing": 1
    }
  },
  {
    "model": "mailing.trymailing",
    "pk": 33,
    "fields": {
      "last_try": "2024-09-13T12:11:12.092Z",
      "status": "success",
      "response": "╤ююс∙хэшх фюёЄртыхэю",
      "mailing": 1
    }
  },
  {
    "model": "mailing.trymailing",
    "pk": 34,
    "fields": {
      "last_try": "2024-09-13T12:11:22.376Z",
      "status": "success",
      "response": "╤ююс∙хэшх фюёЄртыхэю",
      "mailing": 1
    }
  },
  {
    "model": "mailing.trymailing",
    "pk": 35,
    "fields": {
      "last_try": "2024-09-13T12:11:32.271Z",
      "status": "success",
      "response": "╤ююс∙хэшх фюёЄртыхэю",
      "mailing": 1
    }
  },
  {
    "model": "mailing.trymailing",
    "pk": 36,
    "fields": {
      "last_try": "2024-09-13T12:11:42.197Z",
      "status": "success",
      "response": "╤ююс∙хэшх фюёЄртыхэю",
      "mailing": 1
    }
  },
  {
    "model": "mailing.trymailing",
    "pk": 37,
    "fields": {
      "last_try": "2024-09-13T12:11:51.721Z",
      "status": "success",
      "response": "╤ююс∙хэшх фюёЄртыхэю",
      "mailing": 1
    }
  },
  {
    "model": "mailing.trymailing",
    "pk": 38,
    "fields": {
      "last_try": "2024-09-13T12:12:02.476Z",
      "status": "success",
      "response": "╤ююс∙хэшх фюёЄртыхэю",
      "mailing": 1
    }
  },
  {
    "model": "mailing.trymailing",
    "pk": 39,
    "fields": {
      "last_try": "2024-09-13T12:12:11.688Z",
      "status": "success",
      "response": "╤ююс∙хэшх фюёЄртыхэю",
      "mailing": 1
    }
  },
  {
    "model": "mailing.trymailing",
    "pk": 40,
    "fields": {
      "last_try": "2024-09-13T12:12:13.735Z",
      "status": "success",
      "response": "╤ююс∙хэшх фюёЄртыхэю",
      "mailing": 2
    }
  },
  {
    "model": "mailing.trymailing",
    "pk": 41,
    "fields": {
      "last_try": "2024-09-13T12:12:22.132Z",
      "status": "success",
      "response": "╤ююс∙хэшх фюёЄртыхэю",
      "mailing": 1
    }
  },
  {
    "model": "mailing.trymailing",
    "pk": 42,
    "fields": {
      "last_try": "2024-09-13T12:12:23.776Z",
      "status": "success",
      "response": "╤ююс∙хэшх фюёЄртыхэю",
      "mailing": 2
    }
  },
  {
    "model": "mailing.trymailing",
    "pk": 43,
    "fields": {
      "last_try": "2024-09-13T12:12:32.374Z",
      "status": "success",
      "response": "╤ююс∙хэшх фюёЄртыхэю",
      "mailing": 1
    }
  },
  {
    "model": "mailing.trymailing",
    "pk": 44,
    "fields": {
      "last_try": "2024-09-13T12:12:34.319Z",
      "status": "success",
      "response": "╤ююс∙хэшх фюёЄртыхэю",
      "mailing": 2
    }
  },
  {
    "model": "mailing.trymailing",
    "pk": 45,
    "fields": {
      "last_try": "2024-09-13T12:12:42.204Z",
      "status": "success",
      "response": "╤ююс∙хэшх фюёЄртыхэю",
      "mailing": 1
    }
  },
  {
    "model": "mailing.trymailing",
    "pk": 46,
    "fields": {
      "last_try": "2024-09-13T12:12:44.354Z",
      "status": "success",
      "response": "╤ююс∙хэшх фюёЄртыхэю",
      "mailing": 2
    }
  },
  {
    "model": "mailing.trymailing",
    "pk": 47,
    "fields": {
      "last_try": "2024-09-13T12:12:52.034Z",
      "status": "success",
      "response": "╤ююс∙хэшх фюёЄртыхэю",
      "mailing": 1
    }
  },
  {
    "model": "mailing.trymailing",
    "pk": 48,
    "fields": {
      "last_try": "2024-09-13T12:12:53.976Z",
      "status": "success",
      "response": "╤ююс∙хэшх фюёЄртыхэю",
      "mailing": 2
    }
  },
  {
    "model": "mailing.trymailing",
    "pk": 49,
    "fields": {
      "last_try": "2024-09-13T12:13:01.863Z",
      "status": "success",
      "response": "╤ююс∙хэшх фюёЄртыхэю",
      "mailing": 1
    }
  },
  {
    "model": "mailing.trymailing",
    "pk": 50,
    "fields": {
      "last_try": "2024-09-13T12:13:03.405Z",
      "status": "success",
      "response": "╤ююс∙хэшх фюёЄртыхэю",
      "mailing": 2
    }
  },
  {
    "model": "mailing.trymailing",
    "pk": 51,
    "fields": {
      "last_try": "2024-09-13T12:13:12.104Z",
      "status": "success",
      "response": "╤ююс∙хэшх фюёЄртыхэю",
      "mailing": 1
    }
  },
  {
    "model": "mailing.trymailing",
    "pk": 52,
    "fields": {
      "last_try": "2024-09-13T12:13:14.045Z",
      "status": "success",
      "response": "╤ююс∙хэшх фюёЄртыхэю",
      "mailing": 2
    }
  },
  {
    "model": "mailing.trymailing",
    "pk": 53,
    "fields": {
      "last_try": "2024-09-13T12:13:23.160Z",
      "status": "success",
      "response": "╤ююс∙хэшх фюёЄртыхэю",
      "mailing": 1
    }
  },
  {
    "model": "mailing.trymailing",
    "pk": 54,
    "fields": {
      "last_try": "2024-09-13T12:13:25.709Z",
      "status": "success",
      "response": "╤ююс∙хэшх фюёЄртыхэю",
      "mailing": 2
    }
  },
  {
    "model": "mailing.trymailing",
    "pk": 55,
    "fields": {
      "last_try": "2024-09-13T12:13:31.859Z",
      "status": "success",
      "response": "╤ююс∙хэшх фюёЄртыхэю",
      "mailing": 1
    }
  },
  {
    "model": "mailing.trymailing",
    "pk": 56,
    "fields": {
      "last_try": "2024-09-13T12:13:33.609Z",
      "status": "success",
      "response": "╤ююс∙хэшх фюёЄртыхэю",
      "mailing": 2
    }
  },
  {
    "model": "mailing.trymailing",
    "pk": 57,
    "fields": {
      "last_try": "2024-09-13T12:13:41.804Z",
      "status": "success",
      "response": "╤ююс∙хэшх фюёЄртыхэю",
      "mailing": 1
    }
  },
  {
    "model": "mailing.trymailing",
    "pk": 58,
    "fields": {
      "last_try": "2024-09-13T12:13:43.634Z",
      "status": "success",
      "response": "╤ююс∙хэшх фюёЄртыхэю",
      "mailing": 2
    }
  },
  {
    "model": "mailing.trymailing",
    "pk": 59,
    "fields": {
      "last_try": "2024-09-13T12:13:52.030Z",
      "status": "success",
      "response": "╤ююс∙хэшх фюёЄртыхэю",
      "mailing": 1
    }
  },
  {
    "model": "mailing.trymailing",
    "pk": 60,
    "fields": {
      "last_try": "2024-09-13T12:13:54.695Z",
      "status": "success",
      "response": "╤ююс∙хэшх фюёЄртыхэю",
      "mailing": 2
    }
  },
  {
    "model": "mailing.trymailing",
    "pk": 61,
    "fields": {
      "last_try": "2024-09-13T12:14:01.758Z",
      "status": "success",
      "response": "╤ююс∙хэшх фюёЄртыхэю",
      "mailing": 1
    }
  },
  {
    "model": "mailing.trymailing",
    "pk": 62,
    "fields": {
      "last_try": "2024-09-13T12:14:03.604Z",
      "status": "success",
      "response": "╤ююс∙хэшх фюёЄртыхэю",
      "mailing": 2
    }
  },
  {
    "model": "mailing.trymailing",
    "pk": 63,
    "fields": {
      "last_try": "2024-09-13T12:14:11.794Z",
      "status": "success",
      "response": "╤ююс∙хэшх фюёЄртыхэю",
      "mailing": 1
    }
  },
  {
    "model": "mailing.trymailing",
    "pk": 64,
    "fields": {
      "last_try": "2024-09-13T12:14:13.542Z",
      "status": "success",
      "response": "╤ююс∙хэшх фюёЄртыхэю",
      "mailing": 2
    }
  },
  {
    "model": "mailing.trymailing",
    "pk": 65,
    "fields": {
      "last_try": "2024-09-13T12:14:22.859Z",
      "status": "success",
      "response": "╤ююс∙хэшх фюёЄртыхэю",
      "mailing": 1
    }
  },
  {
    "model": "mailing.trymailing",
    "pk": 66,
    "fields": {
      "last_try": "2024-09-13T12:14:25.121Z",
      "status": "success",
      "response": "╤ююс∙хэшх фюёЄртыхэю",
      "mailing": 2
    }
  },
  {
    "model": "mailing.trymailing",
    "pk": 67,
    "fields": {
      "last_try": "2024-09-13T12:14:31.444Z",
      "status": "success",
      "response": "╤ююс∙хэшх фюёЄртыхэю",
      "mailing": 1
    }
  },
  {
    "model": "mailing.trymailing",
    "pk": 68,
    "fields": {
      "last_try": "2024-09-13T12:14:32.504Z",
      "status": "success",
      "response": "╤ююс∙хэшх фюёЄртыхэю",
      "mailing": 2
    }
  },
  {
    "model": "mailing.trymailing",
    "pk": 69,
    "fields": {
      "last_try": "2024-09-13T12:14:42.310Z",
      "status": "success",
      "response": "╤ююс∙хэшх фюёЄртыхэю",
      "mailing": 1
    }
  },
  {
    "model": "mailing.trymailing",
    "pk": 70,
    "fields": {
      "last_try": "2024-09-13T12:14:44.311Z",
      "status": "success",
      "response": "╤ююс∙хэшх фюёЄртыхэю",
      "mailing": 2
    }
  },
  {
    "model": "mailing.trymailing",
    "pk": 71,
    "fields": {
      "last_try": "2024-09-13T12:14:54.611Z",
      "status": "success",
      "response": "╤ююс∙хэшх фюёЄртыхэю",
      "mailing": 1
    }
  },
  {
    "model": "mailing.trymailing",
    "pk": 72,
    "fields": {
      "last_try": "2024-09-13T12:14:56.644Z",
      "status": "success",
      "response": "╤ююс∙хэшх фюёЄртыхэю",
      "mailing": 2
    }
  },
  {
    "model": "mailing.trymailing",
    "pk": 73,
    "fields": {
      "last_try": "2024-09-13T12:15:01.877Z",
      "status": "success",
      "response": "╤ююс∙хэшх фюёЄртыхэю",
      "mailing": 1
    }
  },
  {
    "model": "mailing.trymailing",
    "pk": 74,
    "fields": {
      "last_try": "2024-09-13T12:15:03.808Z",
      "status": "success",
      "response": "╤ююс∙хэшх фюёЄртыхэю",
      "mailing": 2
    }
  },
  {
    "model": "mailing.trymailing",
    "pk": 75,
    "fields": {
      "last_try": "2024-09-13T12:15:12.411Z",
      "status": "success",
      "response": "╤ююс∙хэшх фюёЄртыхэю",
      "mailing": 1
    }
  },
  {
    "model": "mailing.trymailing",
    "pk": 76,
    "fields": {
      "last_try": "2024-09-13T12:15:17.127Z",
      "status": "success",
      "response": "╤ююс∙хэшх фюёЄртыхэю",
      "mailing": 2
    }
  },
  {
    "model": "mailing.trymailing",
    "pk": 77,
    "fields": {
      "last_try": "2024-09-13T12:15:22.355Z",
      "status": "success",
      "response": "╤ююс∙хэшх фюёЄртыхэю",
      "mailing": 1
    }
  },
  {
    "model": "mailing.trymailing",
    "pk": 78,
    "fields": {
      "last_try": "2024-09-13T12:15:25.141Z",
      "status": "success",
      "response": "╤ююс∙хэшх фюёЄртыхэю",
      "mailing": 2
    }
  },
  {
    "model": "mailing.trymailing",
    "pk": 79,
    "fields": {
      "last_try": "2024-09-13T12:15:32.585Z",
      "status": "success",
      "response": "╤ююс∙хэшх фюёЄртыхэю",
      "mailing": 1
    }
  },
  {
    "model": "mailing.trymailing",
    "pk": 80,
    "fields": {
      "last_try": "2024-09-13T12:15:34.633Z",
      "status": "success",
      "response": "╤ююс∙хэшх фюёЄртыхэю",
      "mailing": 2
    }
  },
  {
    "model": "mailing.trymailing",
    "pk": 81,
    "fields": {
      "last_try": "2024-09-13T12:15:41.804Z",
      "status": "success",
      "response": "╤ююс∙хэшх фюёЄртыхэю",
      "mailing": 1
    }
  },
  {
    "model": "mailing.trymailing",
    "pk": 82,
    "fields": {
      "last_try": "2024-09-13T12:15:44.063Z",
      "status": "success",
      "response": "╤ююс∙хэшх фюёЄртыхэю",
      "mailing": 2
    }
  },
  {
    "model": "mailing.trymailing",
    "pk": 83,
    "fields": {
      "last_try": "2024-09-13T12:15:51.946Z",
      "status": "success",
      "response": "╤ююс∙хэшх фюёЄртыхэю",
      "mailing": 1
    }
  },
  {
    "model": "mailing.trymailing",
    "pk": 84,
    "fields": {
      "last_try": "2024-09-13T12:15:54.086Z",
      "status": "success",
      "response": "╤ююс∙хэшх фюёЄртыхэю",
      "mailing": 2
    }
  },
  {
    "model": "mailing.trymailing",
    "pk": 85,
    "fields": {
      "last_try": "2024-09-13T12:16:02.290Z",
      "status": "success",
      "response": "╤ююс∙хэшх фюёЄртыхэю",
      "mailing": 1
    }
  },
  {
    "model": "mailing.trymailing",
    "pk": 86,
    "fields": {
      "last_try": "2024-09-13T12:16:04.130Z",
      "status": "success",
      "response": "╤ююс∙хэшх фюёЄртыхэю",
      "mailing": 2
    }
  },
  {
    "model": "mailing.trymailing",
    "pk": 87,
    "fields": {
      "last_try": "2024-09-13T12:16:12.122Z",
      "status": "success",
      "response": "╤ююс∙хэшх фюёЄртыхэю",
      "mailing": 1
    }
  },
  {
    "model": "mailing.trymailing",
    "pk": 88,
    "fields": {
      "last_try": "2024-09-13T12:16:14.265Z",
      "status": "success",
      "response": "╤ююс∙хэшх фюёЄртыхэю",
      "mailing": 2
    }
  },
  {
    "model": "mailing.trymailing",
    "pk": 89,
    "fields": {
      "last_try": "2024-09-13T12:16:22.157Z",
      "status": "success",
      "response": "╤ююс∙хэшх фюёЄртыхэю",
      "mailing": 1
    }
  },
  {
    "model": "mailing.trymailing",
    "pk": 90,
    "fields": {
      "last_try": "2024-09-13T12:16:24.400Z",
      "status": "success",
      "response": "╤ююс∙хэшх фюёЄртыхэю",
      "mailing": 2
    }
  },
  {
    "model": "mailing.trymailing",
    "pk": 91,
    "fields": {
      "last_try": "2024-09-13T12:16:31.872Z",
      "status": "success",
      "response": "╤ююс∙хэшх фюёЄртыхэю",
      "mailing": 1
    }
  },
  {
    "model": "mailing.trymailing",
    "pk": 92,
    "fields": {
      "last_try": "2024-09-13T12:16:33.919Z",
      "status": "success",
      "response": "╤ююс∙хэшх фюёЄртыхэю",
      "mailing": 2
    }
  },
  {
    "model": "mailing.trymailing",
    "pk": 93,
    "fields": {
      "last_try": "2024-09-13T12:16:42.535Z",
      "status": "success",
      "response": "╤ююс∙хэшх фюёЄртыхэю",
      "mailing": 1
    }
  },
  {
    "model": "mailing.trymailing",
    "pk": 94,
    "fields": {
      "last_try": "2024-09-13T12:16:44.579Z",
      "status": "success",
      "response": "╤ююс∙хэшх фюёЄртыхэю",
      "mailing": 2
    }
  },
  {
    "model": "mailing.trymailing",
    "pk": 95,
    "fields": {
      "last_try": "2024-09-13T12:16:52.661Z",
      "status": "success",
      "response": "╤ююс∙хэшх фюёЄртыхэю",
      "mailing": 1
    }
  },
  {
    "model": "mailing.trymailing",
    "pk": 96,
    "fields": {
      "last_try": "2024-09-13T12:16:55.141Z",
      "status": "success",
      "response": "╤ююс∙хэшх фюёЄртыхэю",
      "mailing": 2
    }
  },
  {
    "model": "mailing.trymailing",
    "pk": 97,
    "fields": {
      "last_try": "2024-09-13T12:17:03.417Z",
      "status": "success",
      "response": "╤ююс∙хэшх фюёЄртыхэю",
      "mailing": 1
    }
  },
  {
    "model": "mailing.trymailing",
    "pk": 98,
    "fields": {
      "last_try": "2024-09-13T12:17:06.593Z",
      "status": "success",
      "response": "╤ююс∙хэшх фюёЄртыхэю",
      "mailing": 2
    }
  },
  {
    "model": "mailing.trymailing",
    "pk": 99,
    "fields": {
      "last_try": "2024-09-13T12:17:12.524Z",
      "status": "success",
      "response": "╤ююс∙хэшх фюёЄртыхэю",
      "mailing": 1
    }
  },
  {
    "model": "mailing.trymailing",
    "pk": 100,
    "fields": {
      "last_try": "2024-09-13T12:17:14.884Z",
      "status": "success",
      "response": "╤ююс∙хэшх фюёЄртыхэю",
      "mailing": 2
    }
  },
  {
    "model": "mailing.trymailing",
    "pk": 101,
    "fields": {
      "last_try": "2024-09-13T12:17:22.459Z",
      "status": "success",
      "response": "╤ююс∙хэшх фюёЄртыхэю",
      "mailing": 1
    }
  },
  {
    "model": "mailing.trymailing",
    "pk": 102,
    "fields": {
      "last_try": "2024-09-13T12:17:26.971Z",
      "status": "success",
      "response": "╤ююс∙хэшх фюёЄртыхэю",
      "mailing": 2
    }
  },
  {
    "model": "mailing.trymailing",
    "pk": 103,
    "fields": {
      "last_try": "2024-09-13T12:17:33.015Z",
      "status": "success",
      "response": "╤ююс∙хэшх фюёЄртыхэю",
      "mailing": 1
    }
  },
  {
    "model": "mailing.trymailing",
    "pk": 104,
    "fields": {
      "last_try": "2024-09-13T12:17:34.954Z",
      "status": "success",
      "response": "╤ююс∙хэшх фюёЄртыхэю",
      "mailing": 2
    }
  },
  {
    "model": "mailing.trymailing",
    "pk": 105,
    "fields": {
      "last_try": "2024-09-13T12:17:42.535Z",
      "status": "success",
      "response": "╤ююс∙хэшх фюёЄртыхэю",
      "mailing": 1
    }
  },
  {
    "model": "mailing.trymailing",
    "pk": 106,
    "fields": {
      "last_try": "2024-09-13T12:17:44.890Z",
      "status": "success",
      "response": "╤ююс∙хэшх фюёЄртыхэю",
      "mailing": 2
    }
  },
  {
    "model": "mailing.trymailing",
    "pk": 107,
    "fields": {
      "last_try": "2024-09-13T12:17:54.727Z",
      "status": "success",
      "response": "╤ююс∙хэшх фюёЄртыхэю",
      "mailing": 1
    }
  },
  {
    "model": "mailing.trymailing",
    "pk": 108,
    "fields": {
      "last_try": "2024-09-13T12:17:57.490Z",
      "status": "success",
      "response": "╤ююс∙хэшх фюёЄртыхэю",
      "mailing": 2
    }
  },
  {
    "model": "mailing.trymailing",
    "pk": 109,
    "fields": {
      "last_try": "2024-09-13T12:18:02.956Z",
      "status": "success",
      "response": "╤ююс∙хэшх фюёЄртыхэю",
      "mailing": 1
    }
  },
  {
    "model": "mailing.trymailing",
    "pk": 110,
    "fields": {
      "last_try": "2024-09-13T12:18:08.242Z",
      "status": "success",
      "response": "╤ююс∙хэшх фюёЄртыхэю",
      "mailing": 2
    }
  },
  {
    "model": "mailing.trymailing",
    "pk": 111,
    "fields": {
      "last_try": "2024-09-13T12:18:12.441Z",
      "status": "success",
      "response": "╤ююс∙хэшх фюёЄртыхэю",
      "mailing": 1
    }
  },
  {
    "model": "mailing.trymailing",
    "pk": 112,
    "fields": {
      "last_try": "2024-09-13T12:18:14.591Z",
      "status": "success",
      "response": "╤ююс∙хэшх фюёЄртыхэю",
      "mailing": 2
    }
  },
  {
    "model": "mailing.trymailing",
    "pk": 113,
    "fields": {
      "last_try": "2024-09-13T12:18:22.276Z",
      "status": "success",
      "response": "╤ююс∙хэшх фюёЄртыхэю",
      "mailing": 1
    }
  },
  {
    "model": "mailing.trymailing",
    "pk": 114,
    "fields": {
      "last_try": "2024-09-13T12:18:23.909Z",
      "status": "success",
      "response": "╤ююс∙хэшх фюёЄртыхэю",
      "mailing": 2
    }
  },
  {
    "model": "mailing.trymailing",
    "pk": 115,
    "fields": {
      "last_try": "2024-09-13T12:18:32.181Z",
      "status": "success",
      "response": "╤ююс∙хэшх фюёЄртыхэю",
      "mailing": 1
    }
  },
  {
    "model": "mailing.trymailing",
    "pk": 116,
    "fields": {
      "last_try": "2024-09-13T12:18:33.523Z",
      "status": "success",
      "response": "╤ююс∙хэшх фюёЄртыхэю",
      "mailing": 2
    }
  },
  {
    "model": "mailing.trymailing",
    "pk": 117,
    "fields": {
      "last_try": "2024-09-13T12:18:42.445Z",
      "status": "success",
      "response": "╤ююс∙хэшх фюёЄртыхэю",
      "mailing": 1
    }
  },
  {
    "model": "mailing.trymailing",
    "pk": 118,
    "fields": {
      "last_try": "2024-09-13T12:18:45.414Z",
      "status": "success",
      "response": "╤ююс∙хэшх фюёЄртыхэю",
      "mailing": 2
    }
  },
  {
    "model": "mailing.trymailing",
    "pk": 119,
    "fields": {
      "last_try": "2024-09-13T12:18:52.773Z",
      "status": "success",
      "response": "╤ююс∙хэшх фюёЄртыхэю",
      "mailing": 1
    }
  },
  {
    "model": "mailing.trymailing",
    "pk": 120,
    "fields": {
      "last_try": "2024-09-13T12:18:54.928Z",
      "status": "success",
      "response": "╤ююс∙хэшх фюёЄртыхэю",
      "mailing": 2
    }
  },
  {
    "model": "mailing.trymailing",
    "pk": 121,
    "fields": {
      "last_try": "2024-09-13T12:19:02.573Z",
      "status": "success",
      "response": "╤ююс∙хэшх фюёЄртыхэю",
      "mailing": 1
    }
  },
  {
    "model": "mailing.trymailing",
    "pk": 122,
    "fields": {
      "last_try": "2024-09-13T12:19:04.869Z",
      "status": "success",
      "response": "╤ююс∙хэшх фюёЄртыхэю",
      "mailing": 2
    }
  },
  {
    "model": "mailing.trymailing",
    "pk": 123,
    "fields": {
      "last_try": "2024-09-13T12:19:13.066Z",
      "status": "success",
      "response": "╤ююс∙хэшх фюёЄртыхэю",
      "mailing": 1
    }
  },
  {
    "model": "mailing.trymailing",
    "pk": 124,
    "fields": {
      "last_try": "2024-09-13T12:19:15.314Z",
      "status": "success",
      "response": "╤ююс∙хэшх фюёЄртыхэю",
      "mailing": 2
    }
  },
  {
    "model": "mailing.trymailing",
    "pk": 125,
    "fields": {
      "last_try": "2024-09-13T12:19:22.994Z",
      "status": "success",
      "response": "╤ююс∙хэшх фюёЄртыхэю",
      "mailing": 1
    }
  },
  {
    "model": "mailing.trymailing",
    "pk": 126,
    "fields": {
      "last_try": "2024-09-13T12:19:25.555Z",
      "status": "success",
      "response": "╤ююс∙хэшх фюёЄртыхэю",
      "mailing": 2
    }
  },
  {
    "model": "mailing.trymailing",
    "pk": 127,
    "fields": {
      "last_try": "2024-09-13T12:19:32.597Z",
      "status": "success",
      "response": "╤ююс∙хэшх фюёЄртыхэю",
      "mailing": 1
    }
  },
  {
    "model": "mailing.trymailing",
    "pk": 128,
    "fields": {
      "last_try": "2024-09-13T12:19:35.080Z",
      "status": "success",
      "response": "╤ююс∙хэшх фюёЄртыхэю",
      "mailing": 2
    }
  },
  {
    "model": "mailing.trymailing",
    "pk": 129,
    "fields": {
      "last_try": "2024-09-13T12:19:42.150Z",
      "status": "success",
      "response": "╤ююс∙хэшх фюёЄртыхэю",
      "mailing": 1
    }
  },
  {
    "model": "mailing.trymailing",
    "pk": 130,
    "fields": {
      "last_try": "2024-09-13T12:19:44.497Z",
      "status": "success",
      "response": "╤ююс∙хэшх фюёЄртыхэю",
      "mailing": 2
    }
  },
  {
    "model": "mailing.trymailing",
    "pk": 131,
    "fields": {
      "last_try": "2024-09-13T12:19:52.792Z",
      "status": "success",
      "response": "╤ююс∙хэшх фюёЄртыхэю",
      "mailing": 1
    }
  },
  {
    "model": "mailing.trymailing",
    "pk": 132,
    "fields": {
      "last_try": "2024-09-13T12:19:54.584Z",
      "status": "success",
      "response": "╤ююс∙хэшх фюёЄртыхэю",
      "mailing": 2
    }
  },
  {
    "model": "mailing.trymailing",
    "pk": 133,
    "fields": {
      "last_try": "2024-09-13T12:20:02.279Z",
      "status": "success",
      "response": "╤ююс∙хэшх фюёЄртыхэю",
      "mailing": 1
    }
  },
  {
    "model": "mailing.trymailing",
    "pk": 134,
    "fields": {
      "last_try": "2024-09-13T12:20:03.455Z",
      "status": "success",
      "response": "╤ююс∙хэшх фюёЄртыхэю",
      "mailing": 2
    }
  },
  {
    "model": "mailing.trymailing",
    "pk": 135,
    "fields": {
      "last_try": "2024-09-13T12:20:12.145Z",
      "status": "success",
      "response": "╤ююс∙хэшх фюёЄртыхэю",
      "mailing": 1
    }
  },
  {
    "model": "mailing.trymailing",
    "pk": 136,
    "fields": {
      "last_try": "2024-09-13T12:20:13.951Z",
      "status": "success",
      "response": "╤ююс∙хэшх фюёЄртыхэю",
      "mailing": 2
    }
  },
  {
    "model": "mailing.trymailing",
    "pk": 137,
    "fields": {
      "last_try": "2024-09-13T12:20:22.079Z",
      "status": "success",
      "response": "╤ююс∙хэшх фюёЄртыхэю",
      "mailing": 1
    }
  },
  {
    "model": "mailing.trymailing",
    "pk": 138,
    "fields": {
      "last_try": "2024-09-13T12:20:24.228Z",
      "status": "success",
      "response": "╤ююс∙хэшх фюёЄртыхэю",
      "mailing": 2
    }
  },
  {
    "model": "mailing.trymailing",
    "pk": 139,
    "fields": {
      "last_try": "2024-09-13T12:20:31.909Z",
      "status": "success",
      "response": "╤ююс∙хэшх фюёЄртыхэю",
      "mailing": 1
    }
  },
  {
    "model": "mailing.trymailing",
    "pk": 140,
    "fields": {
      "last_try": "2024-09-13T12:20:33.956Z",
      "status": "success",
      "response": "╤ююс∙хэшх фюёЄртыхэю",
      "mailing": 2
    }
  },
  {
    "model": "mailing.trymailing",
    "pk": 141,
    "fields": {
      "last_try": "2024-09-13T12:20:42.257Z",
      "status": "success",
      "response": "╤ююс∙хэшх фюёЄртыхэю",
      "mailing": 1
    }
  },
  {
    "model": "mailing.trymailing",
    "pk": 142,
    "fields": {
      "last_try": "2024-09-13T12:20:44.197Z",
      "status": "success",
      "response": "╤ююс∙хэшх фюёЄртыхэю",
      "mailing": 2
    }
  },
  {
    "model": "mailing.trymailing",
    "pk": 143,
    "fields": {
      "last_try": "2024-09-13T12:20:52.293Z",
      "status": "success",
      "response": "╤ююс∙хэшх фюёЄртыхэю",
      "mailing": 1
    }
  },
  {
    "model": "mailing.trymailing",
    "pk": 144,
    "fields": {
      "last_try": "2024-09-13T12:21:21.778Z",
      "status": "success",
      "response": "╤ююс∙хэшх фюёЄртыхэю",
      "mailing": 1
    }
  },
  {
    "model": "mailing.trymailing",
    "pk": 145,
    "fields": {
      "last_try": "2024-09-13T12:21:34.987Z",
      "status": "success",
      "response": "╤ююс∙хэшх фюёЄртыхэю",
      "mailing": 1
    }
  },
  {
    "model": "mailing.trymailing",
    "pk": 146,
    "fields": {
      "last_try": "2024-09-13T12:21:52.780Z",
      "status": "success",
      "response": "╤ююс∙хэшх фюёЄртыхэю",
      "mailing": 1
    }
  },
  {
    "model": "mailing.trymailing",
    "pk": 147,
    "fields": {
      "last_try": "2024-09-13T12:22:02.421Z",
      "status": "success",
      "response": "╤ююс∙хэшх фюёЄртыхэю",
      "mailing": 1
    }
  },
  {
    "model": "mailing.trymailing",
    "pk": 148,
    "fields": {
      "last_try": "2024-09-13T12:22:33.453Z",
      "status": "success",
      "response": "╤ююс∙хэшх фюёЄртыхэю",
      "mailing": 1
    }
  },
  {
    "model": "mailing.trymailing",
    "pk": 149,
    "fields": {
      "last_try": "2024-09-13T12:22:42.260Z",
      "status": "success",
      "response": "╤ююс∙хэшх фюёЄртыхэю",
      "mailing": 1
    }
  },
  {
    "model": "mailing.trymailing",
    "pk": 150,
    "fields": {
      "last_try": "2024-09-13T12:23:12.574Z",
      "status": "success",
      "response": "╤ююс∙хэшх фюёЄртыхэю",
      "mailing": 1
    }
  },
  {
    "model": "mailing.trymailing",
    "pk": 151,
    "fields": {
      "last_try": "2024-09-13T12:23:14.729Z",
      "status": "success",
      "response": "╤ююс∙хэшх фюёЄртыхэю",
      "mailing": 2
    }
  },
  {
    "model": "mailing.trymailing",
    "pk": 152,
    "fields": {
      "last_try": "2024-09-13T12:23:42.257Z",
      "status": "success",
      "response": "╤ююс∙хэшх фюёЄртыхэю",
      "mailing": 1
    }
  },
  {
    "model": "mailing.trymailing",
    "pk": 153,
    "fields": {
      "last_try": "2024-09-13T12:23:51.783Z",
      "status": "success",
      "response": "╤ююс∙хэшх фюёЄртыхэю",
      "mailing": 1
    }
  },
  {
    "model": "mailing.trymailing",
    "pk": 154,
    "fields": {
      "last_try": "2024-09-13T12:24:22.100Z",
      "status": "success",
      "response": "╤ююс∙хэшх фюёЄртыхэю",
      "mailing": 1
    }
  },
  {
    "model": "mailing.trymailing",
    "pk": 155,
    "fields": {
      "last_try": "2024-09-13T12:24:31.509Z",
      "status": "success",
      "response": "╤ююс∙хэшх фюёЄртыхэю",
      "mailing": 1
    }
  },
  {
    "model": "mailing.trymailing",
    "pk": 156,
    "fields": {
      "last_try": "2024-09-13T12:24:52.942Z",
      "status": "success",
      "response": "╤ююс∙хэшх фюёЄртыхэю",
      "mailing": 1
    }
  },
  {
    "model": "mailing.trymailing",
    "pk": 157,
    "fields": {
      "last_try": "2024-09-13T12:25:02.039Z",
      "status": "success",
      "response": "╤ююс∙хэшх фюёЄртыхэю",
      "mailing": 1
    }
  },
  {
    "model": "mailing.trymailing",
    "pk": 158,
    "fields": {
      "last_try": "2024-09-13T12:25:31.733Z",
      "status": "success",
      "response": "╤ююс∙хэшх фюёЄртыхэю",
      "mailing": 1
    }
  },
  {
    "model": "mailing.trymailing",
    "pk": 159,
    "fields": {
      "last_try": "2024-09-13T12:25:41.620Z",
      "status": "success",
      "response": "╤ююс∙хэшх фюёЄртыхэю",
      "mailing": 1
    }
  },
  {
    "model": "mailing.trymailing",
    "pk": 160,
    "fields": {
      "last_try": "2024-09-13T12:26:12.284Z",
      "status": "success",
      "response": "╤ююс∙хэшх фюёЄртыхэю",
      "mailing": 1
    }
  },
  {
    "model": "mailing.trymailing",
    "pk": 161,
    "fields": {
      "last_try": "2024-09-13T12:26:14.129Z",
      "status": "success",
      "response": "╤ююс∙хэшх фюёЄртыхэю",
      "mailing": 2
    }
  },
  {
    "model": "mailing.trymailing",
    "pk": 162,
    "fields": {
      "last_try": "2024-09-13T12:26:42.435Z",
      "status": "success",
      "response": "╤ююс∙хэшх фюёЄртыхэю",
      "mailing": 1
    }
  },
  {
    "model": "mailing.trymailing",
    "pk": 163,
    "fields": {
      "last_try": "2024-09-13T12:26:52.017Z",
      "status": "success",
      "response": "╤ююс∙хэшх фюёЄртыхэю",
      "mailing": 1
    }
  },
  {
    "model": "mailing.trymailing",
    "pk": 164,
    "fields": {
      "last_try": "2024-09-13T12:27:21.817Z",
      "status": "success",
      "response": "╤ююс∙хэшх фюёЄртыхэю",
      "mailing": 1
    }
  },
  {
    "model": "mailing.trymailing",
    "pk": 165,
    "fields": {
      "last_try": "2024-09-13T12:27:32.359Z",
      "status": "success",
      "response": "╤ююс∙хэшх фюёЄртыхэю",
      "mailing": 1
    }
  },
  {
    "model": "mailing.trymailing",
    "pk": 166,
    "fields": {
      "last_try": "2024-09-13T12:27:52.328Z",
      "status": "success",
      "response": "╤ююс∙хэшх фюёЄртыхэю",
      "mailing": 1
    }
  },
  {
    "model": "mailing.trymailing",
    "pk": 167,
    "fields": {
      "last_try": "2024-09-13T12:28:03.080Z",
      "status": "success",
      "response": "╤ююс∙хэшх фюёЄртыхэю",
      "mailing": 1
    }
  },
  {
    "model": "mailing.trymailing",
    "pk": 168,
    "fields": {
      "last_try": "2024-09-13T12:28:31.752Z",
      "status": "success",
      "response": "╤ююс∙хэшх фюёЄртыхэю",
      "mailing": 1
    }
  },
  {
    "model": "mailing.trymailing",
    "pk": 169,
    "fields": {
      "last_try": "2024-09-13T12:28:41.890Z",
      "status": "success",
      "response": "╤ююс∙хэшх фюёЄртыхэю",
      "mailing": 1
    }
  },
  {
    "model": "mailing.trymailing",
    "pk": 170,
    "fields": {
      "last_try": "2024-09-13T12:29:11.995Z",
      "status": "success",
      "response": "╤ююс∙хэшх фюёЄртыхэю",
      "mailing": 1
    }
  },
  {
    "model": "mailing.trymailing",
    "pk": 171,
    "fields": {
      "last_try": "2024-09-13T12:29:13.737Z",
      "status": "success",
      "response": "╤ююс∙хэшх фюёЄртыхэю",
      "mailing": 2
    }
  },
  {
    "model": "mailing.trymailing",
    "pk": 172,
    "fields": {
      "last_try": "2024-09-13T12:42:17.089Z",
      "status": "success",
      "response": "╤ююс∙хэшх фюёЄртыхэю",
      "mailing": 2
    }
  },
  {
    "model": "mailing.trymailing",
    "pk": 173,
    "fields": {
      "last_try": "2024-09-13T12:54:16.138Z",
      "status": "success",
      "response": "╤ююс∙хэшх фюёЄртыхэю",
      "mailing": 2
    }
  },
  {
    "model": "mailing.trymailing",
    "pk": 174,
    "fields": {
      "last_try": "2024-09-13T12:56:02.124Z",
      "status": "success",
      "response": "╤ююс∙хэшх фюёЄртыхэю",
      "mailing": 2
    }
  },
  {
    "model": "mailing.trymailing",
    "pk": 175,
    "fields": {
      "last_try": "2024-09-13T12:57:01.247Z",
      "status": "success",
      "response": "╤ююс∙хэшх фюёЄртыхэю",
      "mailing": 2
    }
  }
]
